{
  "model": "ARIMAX",
  "val_metrics": {
    "mae": 18.69476273374442,
    "rmse": 21.635609802108643,
    "mape": 47.75656775006604
  },
  "test_metrics": {
    "mae": 17.369339567326232,
    "rmse": 20.110797665446984,
    "mape": 37.92470319740799
  },
  "exog_columns": [
    "day_of_week",
    "month",
    "is_weekend",
    "holiday",
    "weather",
    "hour",
    "hour_sin",
    "hour_cos",
    "trend_feature"
  ]
}