Model,MAE,RMSE,MAPE
LSTM,17.148090362548828,19.83719287579284,39.48120895411728
ARIMAX,17.32751716366375,20.089604506919045,37.829578191593235
Hybrid,17.15782861464769,19.840764194025358,39.30024626637079
