Model,MAE,RMSE,MAPE
LSTM,17.066171646118164,19.728314433343243,39.19689301901989
ARIMAX,17.32751716366375,20.089604506919045,37.829578191593235
Hybrid,17.085846033550958,19.74599863631332,39.04758510693417
