Model,MAE,RMSE,MAPE
LSTM,17.096397399902344,19.78577206284978,39.83987701990212
ARIMAX,17.32751716366375,20.089604506919045,37.829578191593235
Hybrid,17.09924255910221,19.78542028952082,39.72294727375371
