{
  "lstm_weight": 0.95,
  "arimax_weight": 0.05,
  "selection_metric": "validation_rmse",
  "validation_metrics": {
    "MAE": 18.408067483337714,
    "RMSE": 21.018958549480594,
    "MAPE": 44.95332811324153
  },
  "test_metrics": {
    "MAE": 17.09924255910221,
    "RMSE": 19.78542028952082,
    "MAPE": 39.72294727375371
  },
  "alignment_note": "LSTM and ARIMAX outputs aligned using the shortest common tail length."
}