{
  "lstm_weight": 0.9,
  "arimax_weight": 0.1,
  "selection_metric": "validation_rmse",
  "validation_metrics": {
    "MAE": 18.384127623272864,
    "RMSE": 21.023268692797124,
    "MAPE": 44.67117873536678
  },
  "test_metrics": {
    "MAE": 17.15782861464769,
    "RMSE": 19.840764194025358,
    "MAPE": 39.30024626637079
  },
  "alignment_note": "LSTM and ARIMAX outputs aligned using the shortest common tail length."
}