{
  "lstm_weight": 0.9,
  "arimax_weight": 0.1,
  "selection_metric": "validation_rmse",
  "validation_metrics": {
    "MAE": 18.38199709821589,
    "RMSE": 21.027745095684075,
    "MAPE": 44.577268313904945
  },
  "test_metrics": {
    "MAE": 17.085846033550958,
    "RMSE": 19.74599863631332,
    "MAPE": 39.04758510693417
  },
  "alignment_note": "LSTM and ARIMAX outputs aligned using the shortest common tail length."
}