{
  "validation": {
    "LSTM": {
      "MAE": 18.404428482055664,
      "RMSE": 21.032093773703544,
      "MAPE": 44.427453785212
    },
    "ARIMAX": {
      "MAE": 18.70267829440365,
      "RMSE": 21.630671689457817,
      "MAPE": 47.75789892624819
    },
    "Hybrid": {
      "MAE": 18.384127623272864,
      "RMSE": 21.023268692797124,
      "MAPE": 44.67117873536678
    }
  },
  "test": {
    "LSTM": {
      "MAE": 17.148090362548828,
      "RMSE": 19.83719287579284,
      "MAPE": 39.48120895411728
    },
    "ARIMAX": {
      "MAE": 17.32751716366375,
      "RMSE": 20.089604506919045,
      "MAPE": 37.829578191593235
    },
    "Hybrid": {
      "MAE": 17.15782861464769,
      "RMSE": 19.840764194025358,
      "MAPE": 39.30024626637079
    }
  }
}