{
  "validation": {
    "LSTM": {
      "MAE": 18.40320587158203,
      "RMSE": 21.03737620307641,
      "MAPE": 44.3252669324601
    },
    "ARIMAX": {
      "MAE": 18.70267829440365,
      "RMSE": 21.630671689457817,
      "MAPE": 47.75789892624819
    },
    "Hybrid": {
      "MAE": 18.38199709821589,
      "RMSE": 21.027745095684075,
      "MAPE": 44.577268313904945
    }
  },
  "test": {
    "LSTM": {
      "MAE": 17.066171646118164,
      "RMSE": 19.728314433343243,
      "MAPE": 39.19689301901989
    },
    "ARIMAX": {
      "MAE": 17.32751716366375,
      "RMSE": 20.089604506919045,
      "MAPE": 37.829578191593235
    },
    "Hybrid": {
      "MAE": 17.085846033550958,
      "RMSE": 19.74599863631332,
      "MAPE": 39.04758510693417
    }
  }
}