{
  "validation": {
    "LSTM": {
      "MAE": 18.418243408203125,
      "RMSE": 21.021339110485965,
      "MAPE": 44.85140898029375
    },
    "ARIMAX": {
      "MAE": 18.70267829440365,
      "RMSE": 21.630671689457817,
      "MAPE": 47.75789892624819
    },
    "Hybrid": {
      "MAE": 18.408067483337714,
      "RMSE": 21.018958549480594,
      "MAPE": 44.95332811324153
    }
  },
  "test": {
    "LSTM": {
      "MAE": 17.096397399902344,
      "RMSE": 19.78577206284978,
      "MAPE": 39.83987701990212
    },
    "ARIMAX": {
      "MAE": 17.32751716366375,
      "RMSE": 20.089604506919045,
      "MAPE": 37.829578191593235
    },
    "Hybrid": {
      "MAE": 17.09924255910221,
      "RMSE": 19.78542028952082,
      "MAPE": 39.72294727375371
    }
  }
}